Influent Fluoride (mg/L), Effluent Fluoride (mg/L), Influent PACl (g/L), Experimental W (mg F/g PaCl)
4.142154872, 3.062946848, 0.015, 71.9472016
3.480262763, 2.883260936, 0.015, 39.8
3.132138898, 2.094000728, 0.015, 69.20921127
